diameter_L0,length_L0,diameter_nm,length_nm,ccd_nm,abs_error_nm
1.858,2.924,78.966,124.27,54.005,0.005
1.809,2.876,76.897,122.23,53.902,0.098
1.834,2.876,77.931,122.23,53.902,0.098
1.785,2.876,75.862,122.23,53.902,0.098
1.858,2.876,78.966,122.23,53.902,0.098
1.42,2.972,60.345,126.31,54.105,0.105
1.396,2.972,59.31,126.31,54.105,0.105
1.59,2.972,67.586,126.31,54.105,0.105
1.566,2.972,66.552,126.31,54.105,0.105
1.639,2.972,69.655,126.31,54.105,0.105
1.615,2.972,68.621,126.31,54.105,0.105
1.493,2.972,63.448,126.31,54.105,0.105
1.761,2.972,74.828,126.31,54.105,0.105
1.444,2.972,61.379,126.31,54.105,0.105
1.469,2.972,62.414,126.31,54.105,0.105
1.736,2.972,73.793,126.31,54.105,0.105
1.663,2.972,70.69,126.31,54.105,0.105
1.785,2.972,75.862,126.31,54.105,0.105
1.858,2.972,78.966,126.31,54.105,0.105
1.542,2.972,65.517,126.31,54.105,0.105
1.517,2.972,64.483,126.31,54.105,0.105
1.712,2.972,72.759,126.31,54.105,0.105
1.688,2.972,71.724,126.31,54.105,0.105
1.809,2.972,76.897,126.31,54.105,0.105
1.834,2.972,77.931,126.31,54.105,0.105
1.493,3.044,63.448,129.37,53.883,0.117
1.469,3.044,62.414,129.37,53.883,0.117
1.274,3.044,54.138,129.37,53.883,0.117
1.201,3.044,51.034,129.37,53.883,0.117
1.542,3.044,65.517,129.37,53.883,0.117
1.615,3.044,68.621,129.37,53.883,0.117
1.566,3.044,66.552,129.37,53.883,0.117
1.59,3.044,67.586,129.37,53.883,0.117
1.444,3.044,61.379,129.37,53.883,0.117
1.298,3.044,55.172,129.37,53.883,0.117
1.225,3.044,52.069,129.37,53.883,0.117
1.249,3.044,53.103,129.37,53.883,0.117
1.396,3.044,59.31,129.37,53.883,0.117
1.323,3.044,56.207,129.37,53.883,0.117
1.371,3.044,58.276,129.37,53.883,0.117
1.347,3.044,57.241,129.37,53.883,0.117
1.42,3.044,60.345,129.37,53.883,0.117
1.469,3.02,62.414,128.35,54.202,0.202
1.542,3.02,65.517,128.35,54.202,0.202
1.493,3.02,63.448,128.35,54.202,0.202
1.42,3.02,60.345,128.35,54.202,0.202
1.347,3.02,57.241,128.35,54.202,0.202
1.396,2.996,59.31,127.33,53.783,0.217
1.566,2.996,66.552,127.33,53.783,0.217
1.493,2.996,63.448,127.33,53.783,0.217
1.42,2.996,60.345,127.33,53.783,0.217
1.59,2.948,67.586,125.29,53.68,0.32
1.566,2.948,66.552,125.29,53.68,0.32
1.517,2.948,64.483,125.29,53.68,0.32
1.493,2.948,63.448,125.29,53.68,0.32
1.444,2.948,61.379,125.29,53.68,0.32
1.469,2.948,62.414,125.29,53.68,0.32
1.542,2.948,65.517,125.29,53.68,0.32
1.615,2.948,68.621,125.29,53.68,0.32
1.396,2.948,59.31,125.29,53.68,0.32
1.42,2.948,60.345,125.29,53.68,0.32
1.809,2.948,76.897,125.29,53.68,0.32
1.785,2.948,75.862,125.29,53.68,0.32
1.761,2.948,74.828,125.29,53.68,0.32
1.736,2.948,73.793,125.29,53.68,0.32
1.688,2.948,71.724,125.29,53.68,0.32
1.663,2.948,70.69,125.29,53.68,0.32
1.712,2.948,72.759,125.29,53.68,0.32
1.639,2.948,69.655,125.29,53.68,0.32
1.858,2.948,78.966,125.29,53.68,0.32
1.834,2.948,77.931,125.29,53.68,0.32
