diameter_L0,length_L0,diameter_nm,length_nm,ccd_nm,ccd_split_sub_nm,valid,abs_error_nm
1.493,2.828,63.448,120.19,52.003,50.548,1,0.003
1.517,2.828,64.483,120.19,52.003,50.939,1,0.003
1.542,2.828,65.517,120.19,52.003,50.645,1,0.003
1.566,2.828,66.552,120.19,52.003,50.621,1,0.003
1.59,2.828,67.586,120.19,52.003,50.888,1,0.003
1.615,2.828,68.621,120.19,52.003,51.024,1,0.003
1.639,2.828,69.655,120.19,52.003,51.23,1,0.003
1.663,2.828,70.69,120.19,52.003,51.241,1,0.003
1.688,2.828,71.724,120.19,52.003,51.287,1,0.003
1.712,2.828,72.759,120.19,52.003,51.435,1,0.003
1.736,2.828,73.793,120.19,52.003,51.318,1,0.003
1.761,2.828,74.828,120.19,52.003,51.625,1,0.003
1.785,2.828,75.862,120.19,52.003,51.583,1,0.003
1.809,2.828,76.897,120.19,52.003,51.9,1,0.003
1.834,2.828,77.931,120.19,52.003,51.9,1,0.003
1.858,2.828,78.966,120.19,52.003,51.999,1,0.003
1.201,2.996,51.034,127.33,51.99,52.525,1,0.01
1.225,2.996,52.069,127.33,51.99,52.901,1,0.01
1.249,2.996,53.103,127.33,51.99,52.931,1,0.01
1.298,2.996,55.172,127.33,51.99,53.311,1,0.01
1.274,2.996,54.138,127.33,51.99,52.919,1,0.01
1.323,2.996,56.207,127.33,51.99,53.186,1,0.01
1.371,2.996,58.276,127.33,51.99,53.605,1,0.01
1.347,2.996,57.241,127.33,51.99,53.547,1,0.01
1.59,2.876,67.586,122.23,52.105,51.898,1,0.105
1.566,2.876,66.552,122.23,52.105,51.82,1,0.105
1.517,2.876,64.483,122.23,52.105,51.898,1,0.105
1.663,2.876,70.69,122.23,52.105,52.25,1,0.105
1.323,2.948,56.207,125.29,51.891,52.161,1,0.109
1.249,2.948,53.103,125.29,51.891,51.858,1,0.109
1.225,2.948,52.069,125.29,51.891,51.801,1,0.109
1.323,2.924,56.207,124.27,52.205,51.665,1,0.205
1.274,2.924,54.138,124.27,52.205,51.371,1,0.205
1.493,2.924,63.448,124.27,52.205,52.599,1,0.205
1.347,2.924,57.241,124.27,52.205,51.805,1,0.205
1.396,2.924,59.31,124.27,52.205,52.309,1,0.205
1.371,2.924,58.276,124.27,52.205,51.925,1,0.205
1.444,2.924,61.379,124.27,52.205,52.131,1,0.205
1.249,2.924,53.103,124.27,52.205,51.198,1,0.205
1.59,2.924,67.586,124.27,52.205,52.96,1,0.205
1.566,2.924,66.552,124.27,52.205,52.843,1,0.205
1.639,2.924,69.655,124.27,52.205,53.313,1,0.205
1.542,2.924,65.517,124.27,52.205,52.71,1,0.205
1.469,2.924,62.414,124.27,52.205,52.268,1,0.205
1.517,2.924,64.483,124.27,52.205,52.914,1,0.205
1.712,2.924,72.759,124.27,52.205,53.516,1,0.205
1.225,2.924,52.069,124.27,52.205,51.279,1,0.205
1.201,2.924,51.034,124.27,52.205,50.787,1,0.205
1.298,2.924,55.172,124.27,52.205,51.552,1,0.205
1.42,2.924,60.345,124.27,52.205,52.342,1,0.205
1.688,2.924,71.724,124.27,52.205,53.366,1,0.205
1.663,2.924,70.69,124.27,52.205,53.303,1,0.205
1.615,2.924,68.621,124.27,52.205,53.062,1,0.205
1.761,2.924,74.828,124.27,52.205,53.788,1,0.205
1.736,2.924,73.793,124.27,52.205,53.454,1,0.205
1.785,2.924,75.862,124.27,52.205,53.713,1,0.205
1.225,2.9,52.069,123.25,51.788,50.698,1,0.212
1.201,2.9,51.034,123.25,51.788,50.401,1,0.212
1.42,2.9,60.345,123.25,51.788,51.83,1,0.212
1.444,2.9,61.379,123.25,51.788,51.526,1,0.212
1.469,2.9,62.414,123.25,51.788,51.804,1,0.212
1.298,2.9,55.172,123.25,51.788,51.138,1,0.212
1.323,2.9,56.207,123.25,51.788,51.066,1,0.212
1.347,2.9,57.241,123.25,51.788,51.382,1,0.212
1.371,2.9,58.276,123.25,51.788,51.514,1,0.212
1.274,2.9,54.138,123.25,51.788,50.716,1,0.212
1.249,2.9,53.103,123.25,51.788,50.749,1,0.212
1.785,2.9,75.862,123.25,51.788,53.297,1,0.212
1.688,2.9,71.724,123.25,51.788,52.733,1,0.212
1.566,2.9,66.552,123.25,51.788,52.18,1,0.212
1.542,2.9,65.517,123.25,51.788,52.289,1,0.212
1.517,2.9,64.483,123.25,51.788,52.554,1,0.212
1.493,2.9,63.448,123.25,51.788,52.172,1,0.212
1.663,2.9,70.69,123.25,51.788,52.818,1,0.212
1.639,2.9,69.655,123.25,51.788,52.915,1,0.212
1.615,2.9,68.621,123.25,51.788,52.594,1,0.212
1.59,2.9,67.586,123.25,51.788,52.54,1,0.212
1.761,2.9,74.828,123.25,51.788,53.374,1,0.212
1.736,2.9,73.793,123.25,51.788,52.972,1,0.212
1.712,2.9,72.759,123.25,51.788,53.098,1,0.212
1.396,2.9,59.31,123.25,51.788,51.872,1,0.212
1.249,2.972,53.103,126.31,52.301,52.242,1,0.301
1.274,2.972,54.138,126.31,52.301,52.433,1,0.301
1.225,2.972,52.069,126.31,52.301,52.395,1,0.301
1.323,3.02,56.207,128.35,52.395,53.886,1,0.395
1.371,3.02,58.276,128.35,52.395,54.031,1,0.395
1.274,3.02,54.138,128.35,52.395,53.468,1,0.395
1.201,3.02,51.034,128.35,52.395,52.961,1,0.395
1.225,3.02,52.069,128.35,52.395,53.531,1,0.395
1.249,3.02,53.103,128.35,52.395,53.357,1,0.395
1.298,3.02,55.172,128.35,52.395,53.695,1,0.395
1.493,2.852,63.448,121.21,52.432,50.934,1,0.432
1.809,2.852,76.897,121.21,52.432,52.324,1,0.432
1.834,2.852,77.931,121.21,52.432,52.641,1,0.432
1.858,2.852,78.966,121.21,52.432,52.582,1,0.432
1.517,2.852,64.483,121.21,52.432,51.305,1,0.432
1.542,2.852,65.517,121.21,52.432,51.105,1,0.432
1.566,2.852,66.552,121.21,52.432,51.229,1,0.432
1.59,2.852,67.586,121.21,52.432,51.302,1,0.432
1.615,2.852,68.621,121.21,52.432,51.443,1,0.432
1.639,2.852,69.655,121.21,52.432,51.692,1,0.432
1.663,2.852,70.69,121.21,52.432,51.64,1,0.432
1.688,2.852,71.724,121.21,52.432,51.715,1,0.432
1.712,2.852,72.759,121.21,52.432,51.945,1,0.432
1.736,2.852,73.793,121.21,52.432,51.799,1,0.432
1.761,2.852,74.828,121.21,52.432,52.057,1,0.432
1.785,2.852,75.862,121.21,52.432,52.012,1,0.432
1.469,2.852,62.414,121.21,52.432,50.69,1,0.432
1.42,2.852,60.345,121.21,52.432,50.736,1,0.432
