cdx_raw_grid,cdx_nm,ccd_nm
5.647,50.0,52.058
5.764,51.034,52.058
5.881,52.069,52.058
5.998,53.103,52.058
6.114,54.138,52.058
6.231,55.172,52.058
6.348,56.207,52.058
6.465,57.241,52.058
6.582,58.276,52.058
6.699,59.31,53.853
6.815,60.345,53.853
6.932,61.379,52.058
7.049,62.414,53.853
7.166,63.448,55.648
7.283,64.483,55.648
7.4,65.517,55.648
7.516,66.552,55.648
7.633,67.586,55.648
7.75,68.621,55.648
7.867,69.655,55.648
7.984,70.69,55.648
8.101,71.724,55.648
8.217,72.759,55.648
8.334,73.793,55.648
8.451,74.828,55.648
8.568,75.862,55.648
8.685,76.897,55.648
8.802,77.931,55.648
8.918,78.966,55.648
9.035,80.0,55.648
