eval_idx,acquisition_value,phi_s,phi_b,Lambda_s,Lambda_b,total_error,acq_exploit_term,acq_explore_term,mu_at_sampled,std_at_sampled
1,,0.011,0.204,3.29,2.05,20.443,,,,
2,0.0,0.012,0.089,2.18,2.32,20.443,-0.0,0.0,20.443000000000005,1.003561628909076e-12
3,0.0,0.011,0.204,2.05,3.29,20.443,-0.0,0.0,20.443000000000005,1.003561628909076e-12
4,0.0,0.017,0.132,2.47,1.01,24.745,-0.0,0.0,20.443000000000005,1.003561628909076e-12
5,0.314623123825299,0.0514,0.3283,0.6585,2.9158,34.509,-0.31947809271525107,0.6341012165405501,21.626050000000006,1.9257247666497601
6,0.1351547652416085,0.0308,0.1421,3.3549,0.3006,30.7444,-0.3291320045557538,0.4642867697973624,23.2509,2.365728425861547
7,0.4733839354215256,0.0136,0.0976,2.7424,2.4084,20.443,-0.26836732235334665,0.7417512577748723,21.197114000000003,2.000058997775037
8,0.3773444597926141,0.0101,0.0461,2.4515,1.572,20.6804,-0.22247322499198646,0.5998176847846006,21.075277,1.6255783802777295
9,0.750187531560714,0.0115,0.0664,4.7921,3.9092,20.9158,-0.3222508865297938,1.0724384180905078,21.276322,2.8118654762281237
10,0.3141641938722677,0.0106,0.0215,9.3012,3.5918,20.9158,-0.14752390893919248,0.46168810281146017,20.828698,1.2198024530722311
11,0.2404694110690399,0.0758,0.0183,6.1084,1.9634,45.1026,-0.6750733647361682,0.9155427758052082,27.580771,5.440250068425609
12,0.026062847349775,0.0835,0.0178,0.4361,2.6566,45.1026,-0.179571008020731,0.20563385537050602,38.633621999999995,7.806743011304672
13,0.3133929023848969,0.0854,0.1071,7.1615,2.3864,50.0621,-1.0358473450812835,1.3492402474661804,34.972918,9.913989974727162
14,0.0007587723974762,0.0866,0.0534,9.4636,2.423,48.7096,-0.009823438094685591,0.010582210492161804,45.685426500000005,7.514488099588487
15,2.026858055085209e-08,0.1011,0.012,0.6146,0.818,59.053,-6.392773299511017e-07,6.595459105019538e-07,45.862800500000006,4.665740069650984
16,0.0037248686954721,0.1033,0.2509,2.8956,3.2353,59.053,-0.039155607565863455,0.04288047626133559,48.156119,9.283773058756331
17,2.7952113529254056e-08,0.1001,0.0653,8.9469,2.1185,57.2539,-8.787221823157647e-07,9.066742958450188e-07,53.57656300000001,6.091608368528028
18,4.6564920330965036e-18,0.1048,0.085,5.9267,2.3081,59.053,-3.4522602574673974e-16,3.4988251777983625e-16,56.2040005,4.209383656522306
19,1.0514064126622138,0.0109,0.4765,1.1677,3.9772,24.745,-0.8921715390836813,1.943577951745895,23.446942,5.624105791717413
20,0.433933657866804,0.0114,0.3874,2.4301,3.7429,24.745,-0.49412313904410937,0.9280567969109134,22.419147000000002,2.9280433881023473
21,0.1566027758616139,0.0108,0.4263,1.2679,3.4743,24.745,-0.387442367966491,0.544045143828105,23.824742,2.8162902436938615
22,0.1932407089537556,0.0102,0.4459,0.4607,0.9883,24.745,-0.514444769674976,0.7076854786287317,25.447861000000003,3.958171177328241
23,0.0231316656590123,0.0147,0.4838,0.7143,3.9844,27.1374,-0.1179589967622569,0.14109066242126922,24.928624,2.318290530704117
24,2.404855117285468e-05,0.0206,0.4743,1.4024,3.796,27.1374,-0.0003857801281173058,0.00040982867929016046,25.47474,1.3316472188911563
25,1.41071126575516e-09,0.0901,0.4557,0.5486,3.945,59.053,-5.178187478965836e-08,5.319258605541352e-08,49.5317605,4.92908270855118
26,1.4159219071426318e-24,0.0937,0.4671,2.1146,3.877,59.053,-1.461936558262823e-22,1.4760957773342492e-22,57.5168815,3.6844198917616753
27,5.408661111991081e-25,0.0951,0.4728,6.1901,1.3101,59.053,-5.684946633314352e-23,5.739033244434262e-23,57.2627075,3.626075136962199
28,6.563716475964321e-54,0.0973,0.4708,8.7113,0.9562,59.053,-1.5483284249519362e-51,1.5548921414279005e-51,57.5643375,2.4277823516086627
29,1.134059869973791e-219,0.0992,0.0792,4.6214,1.2848,59.053,-1.1284157210155546e-216,1.1295497808855283e-216,58.803428,1.2176309114427595
30,3.956035015337285e-78,0.098,0.0575,8.3241,0.6162,59.053,-1.370034180848232e-75,1.3739902158635692e-75,58.131049999999995,2.0315623532839053
31,0.0062622421548315,0.0281,0.3826,0.1312,3.7898,30.7444,-0.05038746732692568,0.0566497094817572,29.971937000000004,3.7308393183754385
32,0.0128273783981964,0.0118,0.457,0.1302,1.2998,24.745,-0.07646066822096226,0.08928804661915875,25.106556,2.1885112287259694
33,0.4110777027868644,0.0137,0.2468,0.2118,3.9505,22.9527,-0.4958252088693077,0.9069029116561721,22.507557000000002,2.923914701949803
34,0.0222653695357827,0.0592,0.4828,0.2552,3.3688,43.2974,-0.15823485469593201,0.18050022423171472,38.4711495,7.594708710318508
35,0.0016988745447919,0.0221,0.4765,0.1592,0.9752,27.1374,-0.016352851469209725,0.018051726014001655,27.652456,2.5432542016756337
36,3.38401918706912e-48,0.0967,0.3333,0.1621,3.6692,59.053,-7.105981307300625e-46,7.139821499171317e-46,58.58935799999999,2.6455761274003455
