eval_idx,error,phi_s,phi_b,Lambda_s,Lambda_b
1,6.293439130434782,0.186000,0.025500,5.036400,3.279800
2,6.293439130434782,0.185600,0.039200,0.414900,3.317700
3,6.387960869565218,0.184700,0.115200,0.440700,3.075500
4,3.4771521739130438,0.010500,0.072400,0.202800,1.426800
5,4.040339130434782,0.010500,0.498700,5.459200,2.080300
6,4.228686956521739,0.027500,0.498800,0.481700,3.104000
7,5.168347826086957,0.063500,0.498700,3.281600,3.482900
8,4.134513043478261,0.020400,0.498600,2.950900,1.913700
9,4.416982608695652,0.035400,0.498800,5.480100,2.911100
10,6.293439130434782,0.185900,0.088800,1.896400,3.440700
11,6.482482608695653,0.185200,0.052300,8.854600,3.847400
12,6.387960869565218,0.184400,0.084300,1.277200,3.160900
13,6.293439130434782,0.182700,0.081500,0.288500,3.402600
14,4.228686956521739,0.031400,0.498900,1.520500,0.677600
15,4.040339130434782,0.010400,0.498600,1.447800,1.938700
16,5.168347826086957,0.061300,0.497000,0.708800,2.014600
17,5.073834782608696,0.049500,0.494500,7.434800,2.604800
18,6.387960869565218,0.182400,0.057300,3.493600,3.544800
19,5.073834782608696,0.055200,0.494300,5.087400,1.649400
20,6.9513739130434775,0.182100,0.049600,4.824200,0.449200
21,6.482482608695653,0.182100,0.101600,3.701100,3.251200
22,6.482482608695653,0.182200,0.198200,1.393000,3.910900
23,4.698165217391304,0.046800,0.491900,0.840900,0.207200
24,6.293439130434782,0.182000,0.039000,2.830700,3.218600
25,6.293439130434782,0.182100,0.039400,2.840100,3.727300
26,4.9793260869565215,0.048600,0.491000,9.977500,2.344800
27,6.764308695652175,0.181900,0.324500,6.313300,2.795600
28,4.228686956521739,0.028000,0.495900,1.400000,1.578900
29,6.576660869565218,0.181900,0.135700,0.769800,0.774500
30,4.040339130434782,0.012400,0.486200,9.914800,1.843400
31,6.576660869565218,0.181900,0.158400,9.145200,2.219600
32,6.857639130434782,0.181900,0.265500,9.901400,0.989600
33,6.85804347826087,0.181900,0.128000,6.244000,0.757900
34,6.764308695652175,0.181900,0.276200,6.500300,2.070700
35,6.482482608695653,0.181900,0.079300,6.206500,3.211300
36,6.857639130434782,0.181900,0.340100,2.976000,3.489300
37,6.482482608695653,0.182800,0.018900,9.806600,3.449300
38,4.040339130434782,0.010200,0.489400,8.838800,3.522800
39,4.134513043478261,0.020200,0.488100,0.194500,1.921800
40,6.293439130434782,0.181900,0.082500,2.175000,3.809700
41,4.040339130434782,0.011000,0.482700,0.197500,3.087800
42,6.9513739130434775,0.181900,0.320100,4.580000,1.231600
43,4.040339130434782,0.010500,0.480500,9.750200,2.640800
44,6.482482608695653,0.181900,0.153500,1.962100,3.693600
45,3.383969565217391,0.011600,0.011000,2.700500,3.016500
46,3.383969565217391,0.011900,0.012000,9.200400,1.577000
47,6.576660869565218,0.181900,0.058800,0.994500,0.744000
48,6.857639130434782,0.181900,0.321400,2.187000,2.061600
49,4.040339130434782,0.010400,0.477100,7.988200,1.779700
50,6.9513739130434775,0.181900,0.257500,7.526000,0.898100
51,4.040339130434782,0.011600,0.498200,5.972400,3.785600
52,6.482482608695653,0.181900,0.138700,5.969900,3.949600
53,6.293439130434782,0.181900,0.012500,3.598400,3.515900
54,4.040339130434782,0.010800,0.441800,9.717900,2.058700
55,4.040339130434782,0.010900,0.471000,0.915400,2.775800
56,6.482482608695653,0.181900,0.131700,1.844400,3.158300
57,6.482482608695653,0.181600,0.168500,0.707900,3.449400
58,6.482482608695653,0.181300,0.031100,7.334800,3.602200
59,6.387960869565218,0.182900,0.024000,6.662800,3.860000
60,6.482482608695653,0.179600,0.024200,6.197400,2.675500
61,6.2002999999999995,0.179800,0.017000,0.904600,3.377700
62,6.576660869565218,0.178100,0.014100,9.136500,1.394500
63,6.576660869565218,0.179100,0.029300,6.715600,1.329400
64,6.293439130434782,0.179100,0.016200,3.268600,3.688300
65,4.228686956521739,0.036200,0.011700,9.943700,0.822200
66,6.482482608695653,0.175800,0.196100,2.232400,3.960000
67,6.107165217391304,0.172400,0.026300,0.154400,3.962700
68,6.387960869565218,0.174500,0.077500,3.542300,3.930200
69,6.107165217391304,0.167500,0.013800,3.190800,3.952300
70,6.387960869565218,0.169000,0.037400,5.176100,3.829400
71,6.107165217391304,0.168300,0.028800,3.441800,3.917800
72,6.482482608695653,0.162300,0.032100,9.124300,3.491200
73,6.107165217391304,0.163600,0.016400,4.455600,3.977900
74,6.296213043478262,0.156500,0.017900,8.079500,3.678200
75,3.383969565217391,0.012600,0.016900,9.924000,1.699400
76,6.107165217391304,0.159700,0.032500,1.810000,3.879300
77,6.013982608695652,0.145100,0.026800,3.473000,3.689600
78,6.296439130434782,0.137400,0.036100,9.049300,3.355700
79,6.389573913043478,0.135800,0.158400,9.913400,1.532800
80,4.228686956521739,0.031800,0.014600,9.951200,0.739800
81,6.670069565217391,0.133100,0.404400,9.954300,0.825600
82,6.296439130434782,0.129200,0.191500,9.358500,3.291200
83,5.824865217391305,0.118700,0.024600,9.276800,2.744700
84,5.637217391304348,0.110800,0.105500,9.833100,3.293300
85,5.168347826086957,0.082500,0.032400,9.693800,3.653500
86,3.383969565217391,0.010200,0.011800,9.097600,1.361200
87,3.2907869565217394,0.012500,0.025400,9.288600,3.887300
88,3.383969565217391,0.011300,0.090000,8.269800,2.329800
89,3.383969565217391,0.010500,0.111800,9.772900,2.546400
90,4.040339130434782,0.012500,0.402900,9.277200,3.682400
91,3.4771521739130438,0.012000,0.206000,6.144000,3.484100
92,4.040339130434782,0.013000,0.474300,4.348800,2.976600
93,3.4771521739130438,0.010300,0.181200,3.896000,2.454000
94,6.296439130434782,0.126000,0.032800,9.740200,1.007800
95,6.293439130434782,0.187400,0.013500,0.328300,2.146600
96,4.792178260869565,0.051400,0.328300,0.658500,2.915800
97,6.389621739130434,0.139300,0.058900,4.646600,1.401500
98,4.040339130434782,0.017000,0.132000,2.470000,1.010000
99,3.4771521739130438,0.012000,0.089000,2.180000,2.320000
100,4.040339130434782,0.017000,0.132000,2.470000,1.010000
101,3.4771521739130438,0.011000,0.204000,3.290000,2.050000
