eval_idx,phi_s,phi_b,Lambda_s,Lambda_b,error
1,0.0967,0.3333,0.1621,3.6692,3.6908125
2,0.0221,0.4765,0.1592,0.9752,1.6960875
3,0.0592,0.4828,0.2552,3.3688,2.7060875
4,0.0137,0.2468,0.2118,3.9505,1.43454375
5,0.0118,0.457,0.1302,1.2998,1.5465625
6,0.0281,0.3826,0.1312,3.7898,1.921525
7,0.098,0.0575,8.3241,0.6162,3.6908125
8,0.0992,0.0792,4.6214,1.2848,3.6908125
9,0.0973,0.4708,8.7113,0.9562,3.6908125
10,0.0951,0.4728,6.1901,1.3101,3.6908125
11,0.0937,0.4671,2.1146,3.877,3.6908125
12,0.0901,0.4557,0.5486,3.945,3.6908125
13,0.0206,0.4743,1.4024,3.796,1.6960875
14,0.0147,0.4838,0.7143,3.9844,1.6960875
15,0.0102,0.4459,0.4607,0.9883,1.5465625
16,0.0108,0.4263,1.2679,3.4743,1.5465625
17,0.0114,0.3874,2.4301,3.7429,1.5465625
18,0.0109,0.4765,1.1677,3.9772,1.5465625
19,0.1048,0.085,5.9267,2.3081,3.6908125
20,0.1001,0.0653,8.9469,2.1185,3.57836875
21,0.1033,0.2509,2.8956,3.2353,3.6908125
22,0.1011,0.012,0.6146,0.818,3.6908125
23,0.0866,0.0534,9.4636,2.423,3.04435
24,0.0854,0.1071,7.1615,2.3864,3.12888125
25,0.0835,0.0178,0.4361,2.6566,2.8189125
26,0.0758,0.0183,6.1084,1.9634,2.8189125
27,0.0106,0.0215,9.3012,3.5918,1.3072375
28,0.0115,0.0664,4.7921,3.9092,1.3072375
29,0.0101,0.0461,2.4515,1.572,1.292525
30,0.0136,0.0976,2.7424,2.4084,1.2776875
31,0.0308,0.1421,3.3549,0.3006,1.921525
32,0.0514,0.3283,0.6585,2.9158,2.1568125
33,0.017,0.132,2.47,1.01,1.5465625
34,0.011,0.204,2.05,3.29,1.2776875
35,0.012,0.089,2.18,2.32,1.2776875
36,0.011,0.204,3.29,2.05,1.2776875
