evaluation_index,error_nm,high_error_gt_2p5,defect_flag
1,4.200000,1,0
2,2.138043,0,0
3,2.932337,1,0
4,4.321800,1,1
5,1000.000000,1,0
6,2.864288,1,0
7,1000.000000,1,0
8,3.946400,1,1
9,1000.000000,1,0
10,1.688635,0,0
11,4.075700,1,1
12,1000.000000,1,0
13,3.012258,1,0
14,3.895600,1,1
15,1.554268,0,0
16,3.052766,1,0
17,2.875397,1,0
18,1.644162,0,0
19,3.663800,1,1
20,1.428545,0,0
21,3.088523,1,0
22,1.499340,0,0
23,3.894700,1,1
24,1.344585,0,0
25,1.550523,0,0
26,2.738579,1,0
27,1.279150,0,0
28,1.222586,0,0
29,1.350428,0,0
30,3.784700,1,1
31,1.445535,0,0
32,1.294705,0,0
33,1.370285,0,0
34,1.183396,0,0
35,2.963508,1,0
36,1.377062,0,0
