source,template_id,diameter_factor,length_factor,L0_Rg
template_sweep_160000,50-110,1.1765,2.5882,4.8
template_sweep_160000,80-110,1.88235,2.5882,4.8
template_sweep_160000,64-115,1.50588,2.70588,4.8
template_sweep_160000,50-120,1.17647,2.8235,4.8
template_sweep_160000,64-120,1.50588,2.8235,4.8
template_sweep_160000,79-120,1.8588,2.8235,4.8
template_sweep_160000,52-124,1.22353,2.917647,4.8
template_sweep_160000,50-125,1.17647,2.9411765,4.8
template_sweep_160000,59-125,1.388235,2.9411765,4.8
template_sweep_160000,79-125,1.858823,2.9411765,4.8
template_sweep_160000,50-129,1.17647,3.03529,4.8
template_sweep_160000,64-129,1.50588,3.03529,4.8
template_sweep_160000,69-129,1.623529,3.03529,4.8
template_sweep_160000,50-130,1.17647,3.058823,4.8
template_sweep_160000,80-130,1.88235,3.058823,4.8
ccd_selection_icrd,1,1.461647059,3.059764706,4.8
ccd_selection_icrd,2,1.556313725,2.926196078,4.8
ccd_selection_icrd,3,1.246823529,2.986196078,4.8
ccd_selection_icrd,4,1.869411765,2.812862745,4.8
ccd_selection_icrd,5,1.676862745,2.918588235,4.8
